Swedish,English
jag,I
det,the
är,is
du,of
att,to
inte,not
en,in
och,and
har,hair
vi,we
på,on
i,i
för,for
han,he
med,with
som,as
om,about
var,was
vad,What
mig,me
här,here
dig,you
så,so
den,the
kan,able to
till,to
de,of
men,men
ett,one
ska,will
ni,in
av,of
hon,she
vill,wants
ja,and
vet,vet
nu,not
nej,her
bara,only
hur,how
min,min
kommer,comes
där,where
måste,must
honom,him
gör,make
din,FROM
skulle,would
när,when
då,then
kom,order
ha,ha
bra,Good
får,get
man,man
vara,be
oss,us
ut,out
ta,facing
er,is
göra,do
okej,okay
eller,or
hade,had
från,from
varför,why
dem,dem
alla,at the
tror,think
sig,themselves
allt,everything
henne,her
upp,up
sa,on
ingen,no
tack,tack
gå,go
in,in
igen,again
få,few
nåt,something
se,with
går,goes
mycket,very
hej,Hello
vem,he comes
kanske,perhaps
lite,a little
behöver,need
ser,to be
mitt,my
aldrig,never
finns,exists
än,than
inget,nothing
efter,after
blir,becomes
ju,right
hans,his
sen,its
bli,become
gjorde,did
två,two
nån,somebody
tillbaka,back
tar,takes
mer,more
något,something
över,over
säger,says
fick,got
ditt,your
ge,ge
väl,well
också,also
mina,mine
åt,at
nog,yet
fan,fan
kunde,could
år,year
säga,say
någon,any
mamma,mother
varit,been
ner,down
ville,would
vänta,wait
mot,against
pappa,dad
andra,Other
borde,should
känner,feel
rätt,Right
vid,at
några,a few
hela,whole
såg,SAW
hit,hit
prata,talk
komma,come
låt,song
detta,this
gjort,done
blev,became
själv,self
tog,took
alltid,always
vår,our
utan,without
fel,up
hem,both
mr,mr
dag,day
dina,ignoble
liv,life
menar,means
verkligen,really
visst,Certainly
va,and
förstår,understand
sin,sin
tid,time
trodde,thought
gick,went
älskar,love
sätt,way
berätta,tell
tänker,thinking
döda,kill
veta,Know
tre,Three
många,many
folk,folk
sluta,stop
precis,just
inga,no
hennes,her
titta,look
innan,before
visste,knew
gillar,like
barn,barn
bättre,better
hjälpa,help
under,under
förlåt,sorry
gång,walk
bort,away
hjälp,help
händer,happens
just,just
helt,quite
säg,say
tycker,think
första,first
död,death
håll,hold
länge,long
hör,hear
sett,set
ledsen,sorry
snälla,please
saker,things
hitta,find
fortfarande,still
står,stands
pengar,money
god,god
samma,same
sir,sir
ens,To us
ursäkta,excuse
heter,called
håller,holding
vilken,which
enda,end
gud,God
våra,ours
hand,hand
borta,away
mår,feel
hallå,Hello
hände,hands
ur,ur
problem,problem
vän,Friend
ger,gives
stanna,stay
sak,Thing
dom,dom
försöker,trying
låter,allows
far,far
kvar,left
väg,way
annan,Other
redan,already
längre,longer
jävla,fucking
helvete,hell
pratar,talking
väldigt,very
åh,Oh
herregud,Oh my God
vart,lasted
dit,it
kväll,Evening
morgon,morning
fått,received
snart,soon
ute,out
fråga,question
sitt,his
tiden,the time
kör,drive
deras,their
tänkte,thought
namn,name
verkar,seems
tro,believe
jo,because
varje,each
fram,forward
bästa,top
fru,wife
först,first
träffa,hit
säkert,for sure
slut,final
sedan,since
hos,with
ingenting,nothing
därför,because
åka,go
visa,visa
säker,sure
lämna,leave
börjar,begins
vägen,the road
genom,by
gav,gave
härifrån,from here
jobb,right
hålla,keep
son,son
stor,big
vänner,friends
hittade,found
annat,Other
hoppas,hope
sina,theirs
hörde,heard
vilket,which
kolla,check
minns,remember
ihop,Together
rädd,afraid
sista,last
även,also
era,era
sex,sex
vårt,ours
kunna,be able to
ses,his
del,of the
nästa,Next
fem,five
livet,life
nya,her
människor,people
bilen,with
dö,die
riktigt,really
klarar,able to
höra,hear
tills,until
liten,small
betyder,means
tänk,think
tag,tag
lyssna,listen
polisen,the police
ändå,still
sagt,says
hemma,home
sant,saint
världen,the world
fast,fast
faktiskt,actually
ligger,lies
skit,skit
idag,today
minuter,minutes
familj,family
runt,around
blivit,become
klart,clear
fall,fall
väntar,waiting
dog,dog
fyra,four
dra,wear
dollar,dollar
åker,goes
kul,cool
tala,story
illa,badly
män,men
försökte,tried
dödade,killed
helst,preferably
annars,otherwise
haft,had
sånt,that kind of thing
nästan,almost
ensam,alone
inne,other
lika,equal
lägg,put
hittar,finds
redo,redo
hämta,retrieve
jobbar,works
dr,dr
gången,the time
båda,both
ny,the
denna,this one
stora,large
plats,place
tur,should
börja,start
svårt,difficult
lugnt,calmly
långt,far
spelar,plays
kvinna,woman
känns,feels
älskling,Darling
hänt,happened
bil,was
emot,against
låta,sound
tillsammans,together
öppna,Open
släpp,release
hört,heard
huset,the House
senare,later
bror,Brother
ringer,ringer
lilla,small
be,be
rör,pipe
ibland,sometimes
rädda,save
heller,rather
fort,fort
glad,glad
gått,walked
mellan,between
nära,close
ifrån,from
hus,House
vore,were
igenom,through
fler,more
s,s
kände,felt
vilka,which
dotter,daughter
bryr,care
dagar,days
kille,boy
tänka,think
bor,there is
fattar,understand
gärna,gladly
fanns,existed
ber,to
började,began
killen,the guy
sitter,sitting
slå,beat
ännu,yet
tio,that
trevligt,nice
vilja,will
gott,good
spela,play
bäst,best
chans,chance
gånger,times
varandra,each other
timmar,hours
lever,lever
pengarna,the money
äta,eat
handlar,trades
natt,night
rum,rum
klara,done
mor,Mr
gamla,old
ord,word
ihåg,remember
reda,ready
ringa,hands
mannen,men
ert,are
dags,time of day
bakom,behind
eftersom,since
gammal,old
jobbet,worked
dörren,the door
fara,go
känna,feel
dessa,these
all,all
dör,dies
sån,like that
par,about
bad,bad
hjälper,helps
alls,all
tyst,silent
egen,own
kommit,arrived
ringde,called
dagen,to dawn
klar,clear
galen,galen
stan,stan
leva,he takes
syster,Sister
oroa,worry
mat,along with
vapen,arms
john,john
ring,ring
skull,skull
idé,idea
stället,the place
antar,between
tagit,taken
vadå,what
sätta,put
stå,stand
mrs,mrs
jaså,Oh really
berättade,told
ganska,quite
följer,follows
klockan,the clock
tidigare,earlier
hittat,found
följa,follow
räcker,is enough
fint,fine
lätt,easy
försöka,try
jack,jack
lång,long
lovar,promises
förut,before
jobba,work
självklart,obvious
skolan,school
iväg,away
letar,looking
ikväll,tonight
flera,several
försök,attempt
mest,most
nytt,new
direkt,Immediately
kvinnor,women
månader,months
utanför,outside
stannar,stops
sanningen,the truth
stämmer,correct
lämnade,left
stort,large
lär,learn
dödar,kills
stoppa,stop
pratade,talked
talar,speaking
ben,ben
new,new
undan,away
plan,plan
killar,boys
roligt,funny
flytta,move
blod,blood
perfekt,perfect
lära,teach
vatten,water
val,val
skicka,send
hatar,hate
kallar,calls
föräldrar,parents
flicka,girl
vidare,further
före,before
lita,liters
köra,drive
skynda,hurry
alltså,in other words
uppe,up
gäller,applies
använda,use
ont,have
huvudet,the head
ursäkt,excuse
glöm,forget
medan,while
betala,pay
önskar,wish
fin,END
herr,Mr
sent,sent
miss,miss
nere,mine
igår,yesterday
kapten,captain
kärlek,Love
roll,roll
behövde,needed
imorgon,tomorrow
kalla,call
arg,arg
lugn,quiet
natten,the night
lämnar,leaves
viktigt,important
sidan,page
tjej,girl
the,the
fortsätt,continue
vacker,beautiful
hända,happen
köpa,buy
kompis,buddy
inom,within
idiot,idiot
satt,sat
full,full
jaha,yes
sätter,sets
vissa,certain
drar,pulls
tyvärr,unfortunately
nummer,number
tja,there
lägga,lay
skriva,write
sova,sleep
förstå,Understand
snäll,kind
veckor,weeks
älskade,beloved
visar,shows
saken,the case
snabbt,Quickly
tyckte,thought
ställe,place
gifta,married
mindre,less
enligt,according to
undrar,wondering
tänkt,thought
sida,like
tittar,watching
resten,the rest
konstigt,strange
äter,eats
vecka,week
ok,ok
typ,type
hjärta,heart
frågor,questions
misstag,mistake
grund,reason
skydda,protect
låg,low
följ,follow
absolut,absolutely
förklara,explain
lät,sounded
svara,weight
familjen,the family
nå,now
nånsin,sometime
själva,themselves
berättar,tells
ögon,eyes
möjligt,possible
välkommen,Welcome
varsågod,You are welcome
slår,hits
sköt,shot
goda,good
lugna,calm
kort,Map
person,person
hårt,hard
sitta,sit
pojke,boy
höll,held
otroligt,unbelievable
allihop,all of them
fortsätta,continue
tom,tom
skyldig,guilty
använder,uses
träffas,meet
sju,seven
toppen,the top
barnen,the children
träffade,met
exakt,exactly
tillräckligt,enough
värre,worse
egentligen,actually
lycka,happiness
historia,history
skrev,wrote
stod,stood
fungerar,works
fixa,fixed
åkte,went
jobbat,worked
saknar,missing
större,major
någonsin,ever
såna,those
massa,pasta
bör,should
slog,slog
hoppa,jump
senaste,latest
små,small
kropp,body
brukar,usually
förrän,before
bo,be
trött,tired
grabben,the guy
miljoner,million
sjuk,ill
hämtar,picks up
förra,last
kära,dear
käften,the jaw
stick,stick
hälsa,health
hemskt,terrible
sägs,is said
aning,idea
gift,gift
frågar,asks
dum,while
skada,damage
dåligt,badly
frågade,asked
inför,infront of
bevis,evidence
lägger,puts
kaffe,coffee
middag,afternoon
oj,oj
dess,its
synd,sin
behöva,need
skjuta,shoot
förbi,past
charlie,charlie
åtta,eight
york,york
order,order
leta,years
slutar,ends
någonting,anything
igång,started
strax,immediately
framför,in front
skall,shall
polis,police
annorlunda,different
ögonblick,moment
läget,the mode
ofta,Often
sam,himself
dricka,drink
tjänst,service
chefen,the boss
jorden,the earth
början,beginning
la,the
enkelt,easy
ung,that
olika,various
stund,while
läsa,read
arbete,work
resa,trip
david,david
land,land
skickade,sent
eget,own
brukade,used to
riktig,correct
betalar,pays
agent,agent
orolig,worried
mord,murder
söker,searching
frank,frank
råd,advice
dålig,bad
sticker,sticker
må,must
funkar,works
tvungen,forced
skriver,write
krig,war
joe,joe
egna,own
huvud,head
händerna,the hands
överallt,everywhere
smart,smart
herrar,gentlemen
usa,deer
spring,spring
george,george
timme,hour
fortsätter,continues
samtal,Call
ansikte,face
beklagar,regrets
jävel,son of a bitch
ställa,put
allvar,seriousness
kvällen,the evening
svar,response
telefon,phone
slåss,fight
rummet,the room
menade,meant
särskilt,particularly
doktorn,the doctor
läkare,Doctor
finnas,be
landet,the country
a,a
ljuger,lies
ögonen,the eyes
barnet,the child
fixar,fix
största,largest
förr,before
nånting,something
tv,tv
mike,mike
vinna,win
glömde,forgot
människa,person
körde,drove
staden,the city
herre,Mister
satte,set
veckan,the week
lyssnar,listening
sover,so far
fantastiskt,fantastic
chef,chef
trots,despite
kvinnan,the woman
omkring,around
åtminstone,at least
fängelse,prison
flickan,the girl
förlorade,lost
michael,michael
räddade,saved
köpte,bought
trevlig,nice
värld,world
berättat,told
information,information
passar,to spend
äntligen,finally
stark,stark
fri,fri
problemet,the problem
hund,dog
nånstans,somewhere
andas,breathe
skaffa,get
förlora,lose
behövs,is needed
älska,love
skickar,sends
rätta,correct
allvarligt,seriously
röra,move
uppfattat,Roger
kallas,is called
kroppen,the body
kriget,the war
max,max
peter,peter
träffat,met
kläder,clothes
släppa,drop
fart,fart
advokat,lawyer
istället,instead
rakt,straight
frågan,the question
allting,everything
ned,down
hel,whole
skjuter,shoots
skiten,the shit
gett,given
sjukhuset,the hospital
skjut,shoot
fred,fred
vita,life
lnte,lnte
fbi,fbi
litar,circuit
sälja,sell
dan,and
gillade,liked
svart,black
bär,berries
sättet,the way
lycklig,happy
intressant,interesting
förutom,except
pratat,talked
tjejer,girls
naturligtvis,of course
kollar,checking
nyheter,news
personer,people
tjejen,the girl
jösses,Crikey
sekunder,seconds
levande,live
arbetar,working
guds,God's
vinner,winner
pågår,ongoing
försiktig,careful
planet,planet
vattnet,the water
stolt,proud
fallet,the case
tacka,thank
mördare,killer
döden,death
meddelande,message
javisst,sure
beslut,decision
förtjänar,deserve
james,james
öl,oil
kontor,office
flesta,most
raring,raring
anledning,reason
mark,mark
bland,among
vänster,left
litet,small
pojken,the boy
tidigt,early
skojar,joking
vakna,wake up
film,film
plötsligt,suddenly
jättebra,great
snygg,handsome
knappt,hardly
slutet,the end
hår,hair
försvann,disappeared
fest,fest
möte,Meeting
riktiga,real ones
eld,eld
skål,Cheers
l,l
försökt,tried
lärde,learned
nio,nine
affärer,business
hjälpte,helped
ers,ers
snackar,talking
underbart,wonderfully
känt,known
tredje,third
damer,ladies
bok,Book
dödat,killed
djur,animal
farbror,uncle
både,both
visade,showed
oh,oh
skönt,nice
ordna,arrange
duktig,good
president,president
morse,morse
delar,parts
grattis,Congratulations
jobbade,worked
tydligen,apparently
kontakt,contact
farligt,dangerous
alldeles,Right
omöjligt,impossible
träffar,hits
e,It is
höger,Right
världens,of the world
spel,game
mål,goal
låtsas,pretend
glömma,forget
välja,out
känslor,emotions
kallade,called
förlorat,lost
fader,fader
pa,well
ändra,change
leder,manager
kung,if
lovade,promised
sov,warm
året,the year
sticka,knit
svarta,black
paul,paul
fantastisk,fantastic
högt,high
henry,henry
hjärtat,the heart
stopp,Stop
glömt,forgotten
flickvän,girlfriend
fullt,full
stal,stood
ända,end
alex,alex
jesus,jesus
grej,thing
meter,meter
dröm,dream
ligga,lie
sönder,broken
hungrig,hungry
o,O
använde,used
ljög,lied
steg,step
förstöra,Destroy
tillhör,belongs to
slags,kind of
fly,fly
vare,item
hellre,rather
uppdrag,mission
speciellt,especially
vackert,beautifully
värsta,worst
fina,fine
spelade,played
dansa,dance
vila,village
klarade,passed
söt,sweet
filmen,the movie
värt,worth
skämt,joke
jävlar,bastards
namnet,the name
skogen,the forest
kär,in love
frun,madam
lösa,solve
gatan,the street
bild,picture
musik,music
sist,last
slutade,stopped
upptagen,occupied
talat,spoken
snacka,talk
säkerhet,security
dricker,drinks
äkta,genuine
därifrån,from there
hette,called
jim,jim
harry,harry
förlorar,loses
stad,city
drog,drug
general,general
lunch,lunch
ungefär,approximately
lärt,learned
stäng,close
hög,high
handen,hands
kasta,every
adjö,goodbye
varenda,every
brott,crime
bar,bar
byta,change
området,the area
valde,chose
glas,vote
unga,to him
ställer,poses
börjat,began
vann,water
intresserad,interested
nick,nick
jimmy,jimmy
väntade,waited
köper,buys
pojkar,boys
dumt,stupid
åk,go
sarah,sarah
ordnar,arranges
fröken,Miss
framtiden,the future
ray,ray
make,make
säljer,selling
försvinn,disappear
pojkvän,boyfriend
snyggt,nicely
minut,minutes
flickor,girls
vackra,beautiful
dåliga,bad ones
spår,track
stör,disturb
tittade,watched
hänger,hanging
ingenstans,nowhere
dela,whether
närheten,around
bevisa,prove
ljus,light
hinner,have time to
nyss,just
paris,paris
luktar,smells
släpper,lets go
närmare,closer
svär,swear
chansen,the chance
förstått,understood
velat,wanted
vanligt,plain
drink,drink
tony,tony
sängen,the bed
bob,bob
brev,letter
detsamma,the same
överens,agreed
gissa,guess
å,to
någonstans,somewhere
talas,spoken
väntat,expected
boken,the book
bill,bill
arbeta,work
dumma,stupid
pistol,pistol
ansiktet,the face
ringt,rung
röst,voice
akta,Act
säkra,secure
månad,month
ombord,on board
läst,read
själ,Soul
äger,owns
tommy,tommy
välkomna,welcome
marken,the ground
lägenhet,apartment
försiktigt,gently
stackars,Poor
grejer,stuff
mary,mary
bilder,pictures
kontroll,control
dessutom,in addition
underbar,wonderful
läser,reading
telefonen,the phone
utmärkt,excellent
svarar,answers
presidenten,the president
uppskattar,appreciates
extra,extra
gilla,like
n,n
skadad,injured
tanke,thought
bygga,build
dött,dead
planen,the plan
lämnat,left
bestämmer,decides
partner,partner
sorts,sorts
sådan,such
gode,excellent
doktor,doctor
liksom,as well as
flyga,fly
utom,except
sällskap,company
läste,read
verkade,seemed
förresten,By the way
tusen,thousand
minst,smallest
london,london
unge,young
rena,we
tal,of
olycka,accident
stack,stack
platsen,the place
danny,danny
festen,firm
inser,realize
kunnat,municipalities
skitsnack,bullshit
offer,offer
skepp,Ship
lyckades,managed
glömmer,forgets
krävs,is required
halv,half
låna,borrow
framåt,Forward
grabbar,boys
tillstånd,permission
van,by
öga,eye
respekt,respect
lista,list
vapnet,the weapon
ren,ren
hopp,hope
nervös,nervous
skapa,create
richard,richard
kyrkan,the church
leka,try
prova,trial
följde,followed
överste,colonel
team,team
folket,the people
ställ,rack
historien,the story
varken,neither
öppnar,opens
billy,billy
bredvid,beside
jake,jake
martin,martin
jul,jul
bodde,lived
tecken,sign
genast,immediately
förstod,understood
äldre,older
försvinner,disappears
gravid,pregnant
insåg,realized
makt,power
räkna,count
skäl,reason
skeppet,the ship
hemlighet,secret
behålla,retain
passa,raisin
mördaren,the killer
båten,the boat
sade,said
framtid,future
lag,lag
oavsett,regardless
talade,spoke
killarna,the guys
kräver,requires
varann,each other
värd,host
ryggen,the back
massor,plenty
jämt,even
säng,BED
kraft,kraft
bjuda,invite
väljer,chooses
föll,fell
avsluta,end
havet,the sea
innebär,implies
bära,wear
ej,not
chris,chris
stilla,adjust
tjäna,serve
beror,depend
tråkigt,boring
kostar,costs
himlen,heaven
förmodligen,probably
viktig,important
maten,The food
högre,higher
te,the
solen,the sun
clark,clark
hjälte,hero
lyckas,succeed
antingen,either
besök,visit
djupt,deep
vit,YEAR
överraskning,surprise
förstör,destroy
vågar,dare
bit,bit
hamnar,ports
tankar,thoughts
upprörd,upset
grupp,group
lik,etc
vanliga,usual
morgonen,the morning
thomas,thomas
engelska,English
nyckeln,the key
förstås,of course
ansvar,responsibility
band,band
vin,become
ljuga,lie
meningen,the meaning
slappna,relax
bröt,broke
överleva,survive
ordet,the word
ar,With
företag,business
beredd,prepared
mordet,the murder
jäveln,the bastard
missade,missed
flyttar,moving
steve,steve
fånga,catch
ms,ms
pistolen,the gun
röda,red
endast,only
lova,lova
per,per
johnny,johnny
sprang,sprang
blå,blue
taget,taken
fatta,done
flyttade,moved
normalt,normally
tackar,thanks
baby,baby
ärlig,honest
anna,anna
laga,from
kontoret,the office
daniel,daniel
ålder,age
kungen,the king
skämtar,joking
bjuder,invites
vänd,turn
luften,the air
frukost,breakfast
jane,jane
planer,plans
knulla,fuck
monster,monster
tolv,Twelve
leda,lead
hälften,half
poäng,point
starta,start
gömma,hide
galet,crazy
hjärna,brain
varmt,warm
målet,the target
stänga,close
golvet,the floor
ljuset,the light
bordet,the table
ära,away
dar,but
helvetet,hell
ledare,leader
galna,crazy
smärta,pain
minnas,Remember
nöjd,satisfied
rent,rent
lagt,laid
nåd,Grace
hejsan,Hello
eddie,eddie
backa,Reverse
ät,eat
kändes,felt
springa,run
tjänar,earns
skrivit,written
spännande,exciting
tanken,thought
gratis,free
wow,wow
definitivt,definitely
bobby,bobby
båt,boat
träffades,were met
föddes,was born
papper,paper
ordning,order
kämpa,fight
lagen,the law
skillnad,difference
sjukhus,hospital
bryta,break
samtidigt,at the same time
åren,the years
droger,drugs
will,will
scott,scott
titt,look
använd,used
sköta,take care of
ihjäl,to death
vägrar,refuses
ske,Spoon
ungar,ungar
bilden,the image
farfar,grandfather
ärligt,honestly
fängelset,the prison
mördade,murdered
letade,searched
faller,falls
flyger,flying
tappade,dropped
mormor,grandmother
sjunga,sing
hemsk,terrible
suger,sucks
sekund,seconds
dök,dived
soldater,soldiers
öppen,open
sköter,cares
öde,Fate
regler,rules
pris,taken
skriv,write
översättning,translation
kusin,cousin
betalt,paid
jävligt,damn
förklarar,explaining
snällt,kindly
speciell,special
delen,to share
amerikanska,American
knappast,hardly
människorna,the people
hunden,the dog
hänga,hang
chuck,chuck
dyker,diving
köket,the kitchen
fönstret,the window
skiter,crap
lee,lee
claire,claire
oskyldig,innocent
hundra,hundred
fann,found
hamnade,ended up
härligt,lovely
charles,charles
känsla,feeling
hot,hot
bry,bry
farväl,farewell
damen,damen
hål,hole
college,college
kollade,checked
lättare,lighter
skjuten,shot
of,of
häftigt,cool
gäng,gang
exempel,example
styrka,strength
viktiga,important
ätit,ate
gamle,old
skor,score
aj,also
pappas,dad's
framme,in front
möta,meet
gränsen,the border
lärare,teacher
kört,driven
jäkla,damn
dam,dam
robert,robert
springer,springer
evigt,forever
hoppades,hoped
kallt,cool
senast,last
stjäla,steal
gumman,old woman
reglerna,the rules
slag,slag
rachel,rachel
kl.,at
förändras,change
fungera,work
häst,HORSE
kate,kate
bröder,brothers
diskutera,discuss
gömmer,hiding
rolig,calm
inblandad,involved
maria,maria
lille,little
svaret,the answer
orsak,cause
männen,the men
bilar,cars
mammas,moms
ordentligt,proper
snabbare,faster
vända,turn
drömmar,dreams
walter,walter
presentera,present
broder,brother
köpt,purchased
regeringen,the government
självmord,suicide
kevin,kevin
återvända,return
washington,washington
ensamma,alone
rik,rik
form,form
amerika,America
bestämt,Certainly
skyddar,protects
adam,adam
guld,gold
listan,the list
poliser,police officers
minne,remind
förhållande,relationship
hotellet,the hotel
kontrollera,verify
jagar,chasing
taket,the ceiling
sådant,such
bett,bed
jaga,take care
stycken,pieces
slipper,slipper
t,t
driver,driver
dejt,date
frisk,fresh
amy,amy
väggen,the wall
bröllop,wedding
jerry,jerry
street,street
arthur,arthur
ena,this one
procent,percent
halsen,the neck
försvinna,disappear
city,city
andy,andy
desto,the more
krafter,forces
personen,persons
tänder,teeth
farlig,dangerous
färdig,finished
kött,meat
eric,eric
armén,the army
ifred,alone
vanlig,usual
lov,law
karl,karl
varm,warm
levde,lived
tusan,heck
bak,behind
betalade,paid
gåva,gift
antagligen,probably
sanning,truth
major,major
km,km
gifte,married
england,england
sparken,fired
vems,whose
mobil,car
matt,matt
sålde,sold
munnen,the mouth
struntar,ignore
angående,concerning
förstörde,destroyed
fria,free
dator,it comes
växte,grew
stranden,the beach
ryan,ryan
hotell,Hotel
förflutna,past
hantera,manage
coolt,cool
sergeant,sergeant
sysslar,chores
carter,carter
lagar,laws
alan,alan
magi,magi
mötet,the meeting
skitstövel,crap boot
föredrar,prefer
kameran,the camera
tåget,the train
skott,shot
hemska,terrible
liknande,similar
svin,celebrating
umgås,hang out
strid,strife
ön,front
tryck,print
medicin,medicine
kyle,kyle
spelet,the game
noga,carefully
brian,brian
vaken,awake
sakta,slowly
skola,school
hemligheter,secrets
san,san
red,red
matchen,the match
når,when
fira,fira
böcker,books
löjtnant,lieutenant
liknar,resembles
drick,drink
koppla,connect
tvinga,force
minsta,smallest
text,text
mun,will
träd,tree
föra,bring
affär,business
bjöd,invited
situationen,the situation
benen,legs
an,an
helgen,weekend
hjärnan,the brain
skrämmer,scaring
stannade,stopped
hustru,wife
erkänna,admit
le,the
bryter,switch
skydd,protection
alice,alice
soldat,soldier
karriär,career
byggnaden,the building
rätten,the right
reser,travels
floden,the river
anser,consider
koll,check
klä,dress
herrn,Mr
sker,happens
miljon,million
japp,yup
stationen,stations
åkt,ride
skratta,laugh
söka,search
bandet,the band
simon,simon
omedelbart,immediately
onda,then
område,territory
frihet,freedom
privat,private
loss,loss
taxi,taxi
glada,happy
jobbigt,troublesome
d,d
väskan,the bag
skapade,created
ted,ted
skrattar,laughing
halva,half
överlever,survives
uppmärksamhet,attention
fars,farsi
lura,treatment
förslag,suggestions
grejen,the thing
spåra,track
syns,visible
konstig,weird
förändrats,changed
äktenskap,marriage
vetat,knew
starkare,stronger
testa,head
sheriffen,the sheriff
bråttom,in a hurry
sötnos,sweetheart
dörr,door
jason,jason
emma,emma
hora,hour
löser,solves
håret,the hair
fisk,fish
nyligen,recently
hoppar,jumping
affären,the store
hindra,hinder
fångar,prisoners
tjena,like this
william,william
is,is
saknas,is missing
vaknar,wakes up
dave,dave
blodet,the blood
kyss,kiss
nytta,benefit
sådana,such
gråta,cry
phil,phil
skallen,the skull
högsta,highest
situation,situation
present,present
rom,rom
släppte,released
oroar,worrier
närmar,approaches
tappat,dropped
bussen,the bus
föreslår,proposes
luft,air
väska,bag
mil,thousand
tusentals,thousands of
ägg,egg
banken,banks
skuld,debt
oliver,oliver
sara,sara
pete,pete
undvika,avoid
stöd,support
minnen,memories
bestämma,determine
samman,Together
misstänkt,suspected
resan,the journey
tillfälle,opportunity
priset,the price
skickat,sent
slutat,finished
bord,edge
offret,the victim
sakna,miss
tokig,crazy
via,via
tidningen,the newspaper
tycka,think
fot,Foot
nämnde,mentioned
jäklar,devils
laget,made
ed,ed
besviken,disappointed
samtalet,the conversation
våld,violence
ljud,sound
samla,collect
tillbaks,back
fiender,enemies
röd,RED
födelsedag,birthday
leo,leo
alltihop,all of it
troligen,probably
emily,emily
lögn,lie
joey,joey
avtal,agreement
påminner,reminds
toaletten,the toilet
kontakta,contact
allihopa,all of them
fötter,feet
pâ,on
ifall,If
faktum,fact
starka,strong
klass,class
kuk,cock
viktigaste,most important
drack,drank
återvänder,returns
ansvarig,responsible
don,don
systemet,the system
sten,stone
hoppade,jumped
position,position
nyheterna,the news
stänger,closes
långa,long
platser,places
uppdraget,the mission
mörkret,the darkness
skär,notch
skapar,creates
dna,dna
r,r
vis,always
semester,semester
tuff,tuff
snabb,fast
luke,luke
middagen,the dinner
adress,address
års,years
lustigt,funny
orkar,can bear
tycks,seems
lily,lily
skrämde,scared
tillgång,access
nycklarna,the keys
kastar,throws
hållit,held
räknar,counting
rädsla,fear
slippa,avoid
duger,will do
baren,the bar
undrade,wondered
begär,requests
eftermiddag,afternoon
känd,known
skadade,damaged
nöje,pleasure
mörkt,dark
match,match
lyckliga,happy
frankrike,France
märkligt,strange
företaget,the company
armé,armed
växer,growing
svår,difficult
hittades,was found
svarade,replied
missar,misses
möjlighet,ability
öppet,open
hundar,dogs
energi,energy
sådär,like that
professor,professor
bygger,builds
saknat,missed
dagarna,the days
acceptera,accept
lurade,cheated
and,and
tvätta,wash
idéer,ideas
mej,me
löjligt,ridiculously
plocka,pick
lisa,lisa
dölja,hide
ställde,posed
förvånad,surprised
high,high
numret,the number
dödad,killed
majestät,majesty
eh,eh
big,big
hållet,held
hård,hard
letat,looked for
försvara,defend
personligt,personally
föreställa,imagine
kastade,threw
styr,steer
lek,lek
svag,weak
arm,arm
stoppar,stops
hemligt,secretly
domare,Judge
fundera,think
blommor,flowers
avslöja,reveal
efteråt,afterwards
mörda,murder
ungarna,the kids
ringen,the ring
arbetet,the work
st,st
gifter,poisons
sjunger,sings
vaknade,woke up
carl,carl
sökte,sought
handlade,shopped
mördad,murdered
dagens,of today
sakerna,the things
läs,read
möter,meets
smaka,taste
rika,like
flickorna,the girls
hamna,end up
snabba,fast
fälla,trap
stil,style
avskyr,abhor
städa,clean
pass,pass
klient,Client
sms,sms
kärleken,the love
flög,flew
vänder,turns
heliga,saints
fokusera,focus
tysta,shut up
annanstans,elsewhere
fienden,the enemy
hemliga,secret
drottning,queen
kilometer,kilometer
jackson,jackson
relation,relation
idioter,idiots
lås,lock
el,he
gråter,cries
bröst,breast
klubben,the club
leker,toys
plus,plus
lucy,lucy
hann,he
hämnd,revenge
fulla,full
likadant,same
sjuka,sick
rapport,report
system,system
jones,jones
rättvisa,Justice
assistent,assistant
farmor,grandmother
fiende,enemy
viss,everything
tvingade,forced
los,the
spara,save
bollen,the ball
morgan,morgan
råkar,happens to
ovanligt,unusual
förlåta,forgive
franska,French
givetvis,of course
vapnen,the weapons
lord,lord
louis,louis
rose,rose
bekant,known
smakar,tastes
missa,loose
susan,susan
packa,pack
kniv,knife
al,al
katt,Cat
förändra,change
inse,realize
fyller,filling
jeff,jeff
bröllopet,the wedding
tjejerna,the girls
planerat,planned
döende,dying
dansar,dancing
källaren,the basement
skriker,screams
barry,barry
ändrar,changes
mästare,Master
färg,color
påstår,claims
vilse,astray
vakt,guard
valt,fall
vuxen,adult
chloe,chloe
kopp,kopp
arbetade,worked
jenny,jenny
låst,locked
perfekta,perfect
översatt,translated
operation,operation
c,c
byter,changes
förväntar,expect
abby,abby
poängen,the point
magen,the stomach
planeten,planets
grace,grace
märker,notices
tacksam,grateful
panik,panic
nått,reached
höga,high
nödvändigt,necessary
alternativ,alternative
ledde,led
tyska,German
kollat,checked
sjukt,sick
vinden,find
inuti,Inside
räddar,saves
normal,normal
tillfället,the occasion
musiken,the music
still,still
fredag,Friday
kämpar,fighting
cia,cia
månaden,the month
inspektör,inspector
förstört,destroyed
bilderna,the pictures
grabb,Guy
rykte,reputation
född,born
röka,smoke
mening,my
förbannade,cursed
kelly,kelly
klänning,dress
bråka,fight
kläderna,the clothes
kall,cold
saknade,missed
svåra,difficult
byggde,built
stig,score
fortare,faster
otrolig,incredible
bitti,finished
öppnade,opened
förvirrad,confused
b,b
uppenbarligen,obviously
annie,annie
tomt,empty
cool,cool
herren,Men's
kyssa,kiss
mod,against
patient,patient
knä,knee
lyckats,succeeded
långsamt,slowly
lägenheten,the apartment
vitt,White
dej,water
kompisar,friends
kilo,kilo
skära,cut
m,m
fungerade,worked
program,program
julia,julia
skrämma,scare
betyda,mean
rörde,touched
legat,bound
botten,bottom
planerar,plans
språk,language
sparka,kick
scenen,the stage
bud,bud
mars,mars
råkade,happened
fingeravtryck,fingerprint
julie,julie
slagit,struck
vars,whose
naken,naked
lådan,the box
snarare,rather
lördag,Saturday
ting,thing
åsikt,opinion
käft,jaw
byn,the village
kim,kim
for,for
brinner,burning
lögnare,liar
flaska,bottle
kalifornien,California
syn,his
paus,base
rosa,rosa
upptäckte,discovered
armen,poor
bestämde,decided
hitler,hitler
styra,steer
överlevde,survived
stryk,stroke
erfarenhet,experience
lade,let
besöka,visit
filmer,films
längs,along
imponerande,impressive
andre,others
bomb,bomb
europa,Europe
druckit,drunk
växa,grow
familjer,families
uppför,up
söta,sweet
gisslan,hostage
ligg,lie down
behov,need
elva,the river
by,by
störa,interfere with
gäster,guests
fakta,fact
lågt,low
sjukdom,disease
sheriff,sheriff
tider,times
vunnit,won
lust,lust
knäpp,wacky
pressen,the press
behåll,keep
stjäl,steal
mera,more
nätet,The net
tydligt,clearly
läkaren,the doctor
kroppar,bodies
fjärde,fourth
bög,gay
gratulerar,Congratulations
rock,rock
bomben,bombs
enkel,single
snuten,the muzzle
pojkarna,the boys
varifrån,from whence
finna,find
blind,blind
åratal,years
chicago,chicago
ytterligare,further
ah,ah
da,and
ledigt,free
djävulen,the devil
suttit,sat
gary,gary
sång,singing
tufft,tough
hästar,horses
fantastiska,fantastic
texas,texas
rick,rick
fruktansvärt,terrible
lady,lady
yngre,younger
victor,victor
starkt,strong
såhär,like this
robin,robin
flygplatsen,the airport
svärd,sword
howard,howard
förbannad,cursed
laura,laura
skadar,damages
skrika,scream
lyssnade,listened
såja,so yes
viktigare,more important
fy,my
mitten,middle
skrek,screamed
orden,order
totalt,in total
larry,larry
verkliga,real
risk,risk
hörnet,the corner
mirakel,miracle
krossa,crush
gammalt,old
pund,pound
nivå,level
hejdå,bye
halvtimme,half an hour
amanda,amanda
sur,on
drottningen,the queen
längst,a long time ago
konst,art
vittne,witness
programmet,the program
universum,universe
radion,the radio
modig,brave
personligen,personally
park,park
erbjuder,offers
maggie,maggie
träffats,met
kvinnorna,the women
mörka,dark
signal,signal
godnatt,good night
ledig,available
mesta,cities
märke,characters
prins,caught
träff,hit
cancer,cancer
dödades,was killed
favorit,favorite
elden,from hand
röker,smoking
därinne,in there
snygga,good-looking
näsan,the nose
människan,the human
elizabeth,elizabeth
hjälpt,helped
marcus,marcus
doug,doug
labbet,the lab
tim,tim
mans,mans
måndag,Monday
benet,benet
gömde,hid
förde,brought
datorn,computer
ögat,the eye
elak,Prevent
smith,smith
rättvist,fair
månen,the moon
tyskland,Germany
komplicerat,complicated
erbjuda,offer
fylla,fill
köp,buy
skulden,the debt
jävlas,fucking
visat,shown
jackie,jackie
äckligt,disgusting
polare,polar
undersöka,examine
kula,care
nyfiken,curious
fönster,window
använt,used
ställen,places
mjölk,milk
roger,roger
oskyldiga,innocent
varning,warning
risken,the risk
brevet,brevet
rygg,back
fixade,fixed
stängt,closed
ross,ross
finner,finds
josh,josh
mänskliga,human
meddela,inform
amen,amen
hälsar,greets
kulor,bullets
kniven,the knife
ende,end
glädje,Joy
humör,humor
underbara,wonderful
märkt,marked
kollega,colleague
känn,feel
tunga,half
data,data
hannah,hannah
vegas,vegas
gruppen,the group
befinner,is located
angeles,angeles
foto,Photo
linda,linda
snut,cop
skäms,ashamed
dans,In
gräva,dig
taylor,taylor
konstiga,strange
helen,helen
vuxna,adults
därute,out there
satan,satan
smärtan,the pain
funka,work
äran,the honor
dean,dean
flyg,flight
utredningen,the investigation
hank,hank
rött,RED
tappa,stage
sean,sean
räknas,is counted
anar,anar
alltför,too
donna,donna
våningen,floor
fitta,pussy
bravo,bravo
funderar,pondering
gäst,guest
morfar,grandfather
falla,fall
miles,miles
punkt,point
hemlig,secret
frågat,asked
detaljer,details
tappar,drops
nathan,nathan
missat,missed
roliga,fun
trott,trott
grader,grader
kamera,camera
misslyckas,fail
lösning,solution
skador,injuries
oskadd,unharmed
spelat,played
ambulans,ambulance
flydde,escaped
tjugo,twenty
hundratals,hundreds
hörs,can be heard
whisky,whisky
tåg,train
besatt,possessed
lön,salary
simma,swim
kod,code
existerar,exists
lögner,lies
intresse,interest
träna,train
bruce,bruce
tillåter,allows
parken,the park
hämnas,revenge
avstånd,distance
gröna,greens
tvivlar,doubt
kina,deep
molly,molly
skjuts,ride
rapportera,Report
sommaren,the summer
show,show
livs,of life
karen,karen
våran,ours
bron,source
tålamod,patience
you,you
släkt,family
gubben,the old man
uppgift,task
gibbs,gibbs
res,res
hittills,to date
straff,penalty
samvete,conscience
domaren,the judge
jamie,jamie
grymt,cruelly
store,store
stjärna,star
kurs,course
informationen,information
school,school
rad,rad
patrick,patrick
begravning,funeral
söndag,Sunday
bäste,best
klocka,clock
personliga,personal
mardröm,nightmare
kontrollen,the control
mobilen,the mobile phone
sidor,pages
ödet,Fate
erbjöd,offered
leonard,leonard
lukten,the smell
april,april
ljudet,the sound
funderat,pondered
sovit,slept
tyskarna,the Germans
vänlig,friendly
handla,act
kunder,customers
lysande,brilliant
knullar,fucks
resultat,results
gräs,grass
glass,glass
mexiko,Mexico
sistone,lately
plikt,duty
smak,taste
ungen,the kid
närmaste,nearest
geni,genes
verkligheten,the reality
drag,drag
riskera,risk
cole,cole
drömde,dreamed
valet,valet
ro,ro
verkligt,real
bråk,fraction
väcka,wake up
teori,theory
promenad,walk
roy,roy
skillnaden,the difference
king,king
erkänner,admits
prinsessan,the princess
rita,rita
hatade,hated
bergen,the mountains
lös,loose
sinne,there
champagne,champagne
levt,lived
kl,at
flyttat,moved
carrie,carrie
göras,be done
önska,wish
ångrar,regretting
präst,priest
adressen,the address
strunt,rubbish
ångra,Undo
ändrade,changed
pizza,pizza
sann,TRUE
anne,anne
likt,put
mänsklig,human
eva,eva
ond,but
vännen,the friend
sanna,prove
lider,the leader
klok,clock
kostym,suit
blöder,bleeding
brud,breakup
upptäckt,discovered
löst,solves
beter,better
gripa,flu
scen,scene
radio,radio
falska,fake
bank,bank
bott,lived
författare,Author
flyr,flies
skrämmande,scary
förklaring,explanation
byxor,pants
gordon,gordon
strunta,never mind
hörru,listen
välj,choose
behandlar,treats
klarat,done
ma,and
projekt,Project
sjön,the lake
godis,candy
startade,started
typen,the type
varna,varna
anfall,attack
löfte,promise
svårare,more difficult
funnits,existed
startar,starts
behandla,treat
kontrakt,contract
märkte,noticed
penny,penny
utrustning,equipment
rymden,space
beroende,dependent
attack,attack
brydde,cared
högst,at most
amerikansk,American
ryska,Russian
agenter,agents
tyler,tyler
historier,stories
svek,betrayal
staten,staten
vakter,guards
vägrade,refused
bytte,Exchange
delta,delta
drömmer,dreams
bröd,bread
ängel,Angel
dock,dock
lyft,lyft
cooper,cooper
jesse,jesse
vittnen,witnesses
sexig,sexy
lex,lex
kyckling,chicken
gemensamt,commonly
brown,brown
grym,force
hotade,endangered
anledningen,the reason
försvunnen,missing
funkade,worked
mage,mage
togs,was taken
soffan,the sofa
jord,land
låda,box
pinsamt,embarrassing
hämtade,picked up
nyckel,key
frid,peace
prov,prov
fullständigt,completely
sväng,turn
hästen,the horse
kommissarie,commissar
internet,internet
jay,jay
stämma,meeting
farliga,dangerous
jacob,jacob
trivs,thrives
enorm,enormous
övertyga,convince
låtit,let
fritt,freely
lida,in the
utredning,investigation
olagligt,illegal
källa,source
tystnad,silence
färdigt,finished
tas,that
patienter,patients
verka,act
galning,madman
het,It
midnatt,midnight
sprit,sprit
maskinen,the machine
talang,talent
kartan,the map
greg,greg
tok,took
driva,drive
otrogen,unfaithful
filma,movie
mötte,met
terry,terry
bruden,the bride
kring,around
förlåter,forgives
ordförande,President
respekterar,respects
wayne,wayne
icke,non
restaurang,restaurant
marty,marty
fixat,fixed
kvarter,quarter
sällan,rarely
fötterna,the feet
skrik,fright
erbjudande,offer
badrummet,the bathroom
stoppade,stopped
inre,internal
grät,cried
förmåga,ability
ändrat,changed
vände,turned
itu,That
medborgare,national
choklad,chocolate
skönhet,beauty
krigare,warrior
basen,swimming pool
publiken,the audience
monsieur,Sir
seger,victory
syfte,purpose
döljer,hides
aaron,aaron
tvingar,forces
fågel,bird
klokt,wisely
skaffar,acquires
ful,ful
klär,clothes
känslan,the feeling
rök,argument
undra,wonder
armar,arms
fortsatte,continued
röven,the ass
ex,ex
bortom,beyond
allvarlig,serious
andrew,andrew
lyder,sounds
byggt,built
operationen,the operation
baksidan,the back
njuta,enjoy
betydde,meant
samarbeta,cooperate
våga,dare
frankie,frankie
sår,wound
madame,madame
riskerar,risk
fet,done
miller,miller
edward,edward
marie,marie
systrar,sisters
porten,carry
jessica,jessica
black,black
öknen,the desert
uppenbart,obvious
ryssarna,the russians
moster,aunt
accepterar,accepts
identifiera,identify
fånge,Prisoner
paket,package
stulit,stolen
lucas,lucas
gay,gay
sâ,to
ron,ron
kopia,copy
hatt,hat
gissar,guessing
betalat,paid
lngen,lngen
villig,willing
sågs,was seen
tjuv,thief
sorg,care
maskin,machine
skorna,the shoes
schyst,handsome
led,led
sämre,inferior
house,house
förhör,hearing
älskat,loved
skar,touching
hata,even
trygg,safe
sena,this
önskan,wish
avgöra,determine
ethan,ethan
hängde,hung
heta,so that
nina,nina
hey,hey
cirka,about
skaka,shake
uppgifter,tasks
west,west
vänskap,Friendship
misstänkta,suspects
försvunnit,disappeared
makten,the power
hyra,rent
desperat,desperate
röv,ass
walker,walker
enbart,solely
leende,smiling
käre,dear
morbror,uncle
examen,exam
trick,trick
såvida,unless
spränga,blast
färdiga,finished
påverkar,affect
beredda,prepared
rapporten,the report
oftast,most often
derek,derek
utföra,perform
låsa,lock
miami,miami
gatorna,the streets
idén,this year
johnson,johnson
söner,sons
insidan,the inside
steven,steven
spöke,ghost
jagade,hunting
gevär,rifle
skapat,created
svartsjuk,jealous
bränna,burn
medlem,member
gården,the farm
allas,everyone's
varnade,warned
täcker,covers
granne,neighbour
seriöst,seriously
fotboll,football
behövt,needed
fryser,freezer
nate,nate
afrika,Africa
läge,location
dyka,dive
nåväl,Well
misstänkte,suspected
beth,beth
senator,senator
hotar,threatens
bitar,pieces
typiskt,typical
rättigheter,rights
regel,rule
island,island
lurar,lurking
norrut,to the north
strålande,brilliant
slyna,slut
trappan,the stairs
koncentrera,concentrate
öron,ears
oskuld,innocence
medveten,aware
bekräfta,confirm
kraften,the power
hårda,hard
bevisen,the evidence
fantasi,fantasy
mördades,was murdered
grönt,green
döma,judge
sålt,sold
stinker,stinker
byxorna,the pants
marknaden,the market
trycka,press
privata,private
earl,earl
am,am
innehåller,contains
utbildning,training
albert,albert
föda,food
professorn,the professor
verklig,real
häng,hang
slogs,fought
gulligt,cute
höghet,highness
lägret,the camp
femte,fifth
minnet,the memory
personal,personal
litade,trusted
meddelandet,message
samlar,collects
officiellt,officially
vägar,ways
media,media
ställt,posed
doc,doc
fingrar,fingers
inbrott,burglary
trubbel,trouble
dyrt,expensive
reste,stay
klippa,cut
tvärtom,on the contrary
tyder,suggest
clay,clay
davis,davis
g,g
förtjänade,deserved
casey,casey
sally,sally
ordnat,ordered
flottan,the fleet
allra,everyones
foton,photos
angår,concerns
skyldiga,guilty
kliv,stride
hitåt,this way
följt,followed
antal,Quantity
charlotte,charlotte
brutit,broken
wilson,wilson
vakterna,the guards
däck,deck
spelare,player
ost,ost
rebecca,rebecca
förälskad,in love
flygplan,aircraft
vikt,weight
klänningen,the dress
katie,katie
restaurangen,the restaurant
h,h
kännas,feel
raka,cancer
tvungna,forced
katten,cats
linje,line
fångade,caught
vincent,vincent
miljarder,billions
tänderna,the teeth
vädret,the weather
försiktiga,careful
röster,voices
försvar,defense
rida,row
kvittar,does not matter
förbereda,prepare
hjälpen,the help
verk,work
faster,faster
låten,the song
svensk,Swedish
berlin,berlin
sårad,wounded
otur,bad luck
kamp,match
naturen,the nature
motiv,reason
oscar,oscar
behåller,keeps
arslet,the ass
junior,junior
firar,celebrating
förrädare,betrayer
mamman,the mother
biljetter,Tickets
jakt,hunt
njut,enjoy
yeah,yeah
kommissarien,the commissioner
cent,cent
dubbelt,twice
test,test
ler,to read
arbetat,worked
rättegång,trial
avsnitt,Episode
förbered,prepare
häxa,witch
möt,meet
kommendör,commander
carol,carol
påminna,remind
storlek,size
ovanför,above
beteende,behavior
florida,Florida
skam,shame
motorn,the engine
hårdare,harder
läskigt,scary
signalen,signals
berget,the mountain
skumt,weird
lovat,promised
parker,parker
brände,burned
meddelanden,messages
jobbig,annoying
todd,todd
grav,serious
maste,mast
utnyttja,use
samhället,society
framgång,success
inklusive,including
närvaro,presence
björn,bear
lyckligt,happily
ryssland,Russia
kulan,meeting
äventyr,adventure
hurså,how so
nacken,the neck
mors,mother's
star,star
gudarna,the gods
orsaken,the reason
nycklar,keys
berättelse,story
öka,increase
dåre,fool
villkor,terms
rån,robbery
silver,silver
anställda,employees
räcka,hand
hud,hud
satsa,invest
linjen,the line
bete,fill up
showen,the show
strömmen,the current
post,post
borgmästaren,the mayor
trädet,the tree
helg,weekend
ton,ton
ingår,is included
imponerad,impressed
läger,camp
möjliga,possible
stolen,stolen
barnbarn,grandchild
ansvaret,responsibility
cell,cell
noll,noll
trycker,presses
bio,was
randy,randy
speciella,special
slängde,threw
morden,morden
andras,others'
serena,serena
värdelös,Useless
nä,see
förtroende,Trust
kontakter,contacts
skräp,debris
klubb,club
experiment,experiment
september,september
bakåt,backwards
kontanter,cash
amerikaner,American
kända,known
emellan,between
åklagaren,the prosecutor
sött,sweet
alkohol,alcohol
kokain,cocaine
klättra,climb
forskning,research
trist,sad
hissen,the elevator
tål,endure
motstånd,resistance
stilig,cool
skjutit,shot
grant,grant
expert,expert
läxa,lesson
betty,betty
hinna,the others
pojk,boy
borgmästare,Mayor
hörni,corner
katastrof,disaster
rösta,vote
lyfta,lift
tjänare,servant
extremt,extremely
bränner,burns
myndigheterna,authorities
används,is used
föräldrarna,the parents
fula,ugly
ursäktar,excuses
jess,jess
bevisar,proves
koden,the code
stått,stood
snubben,the dude
förstärkning,strengthening
finger,finger
nancy,nancy
rösten,the voice
ellen,ellen
regering,government
ilska,anger
förhindra,prevent
vilar,village
sänder,transmits
idioten,idiots
främling,stranger
agera,act
subba,subba
stängde,closed
hemifrån,from home
räddat,saved
bitch,bitch
misslyckades,failed
allison,allison
förändring,change
tomma,empty
jennifer,jennifer
ledtråd,clue
möjligheter,possibility
uh,uh
buss,buss
liz,liz
bryt,break
orsakade,caused
näsa,nose
bebis,baby
längtar,yearning
offra,sacrifice
norra,North
vilda,wild
bauer,bauer
blunda,close your eyes
underligt,weird
högra,right
artikel,article
planerade,planned
harold,harold
besegra,defeat
tomten,the plot
piller,pills
hålet,the hole
framsteg,progress
mörk,goals
andetag,breath
normala,normal
ytan,the surface
södra,southern
teamet,the team
rymma,accommodate
nämna,mention
pappan,the father
carlos,carlos
politik,politics
kund,customer
ökar,increases
berg,berg
ö,he
biten,ending
pang,yet
måla,paint
torsdag,Thursday
viruset,the virus
torka,dry
marshall,marshall
ande,Spirit
grön,Green
trasig,broken
identitet,identity
kram,hug
spänn,buckle
sons,sons
krav,claim
magiska,magical
dörrarna,the doors
hindrar,hinders
kaos,shirt
misstänker,suspect
inlåst,locked up
enhet,unit
ladda,load
slita,tear
befria,free
palmer,palmer
skämta,joke
knark,dope
foten,the foot
feta,more
hall,hall
värde,value
klädd,dressed
vittna,testify
kämpade,struggled
blanda,mix
evighet,eternity
forskare,researcher
sophie,sophie
sjutton,seventeen
zoe,zoe
dygnet,the day
spion,rearview mirror
farsan,the father
jacka,jack
föremål,subject
åter,re
kyrka,Church
videon,the video
japan,japan
femton,Fifteen
slösa,waste
kaptenen,the captain
gjord,made
jodå,yes
spanska,Spanish
roman,roman
enklare,simpler
blair,blair
erik,erik
white,white
krossade,crushed
stephen,stephen
ögonblicket,a moment
chffffff,chffffff
sorgligt,sad
elliot,elliot
främmande,foreign
gripen,gripen
härlig,lovely
socker,sugar
avslöjar,reveals
megan,megan
gömt,hidden
känslig,sensitive
teknik,technique
kunskap,knowledge
avtalet,the agreement
angela,angela
förste,First
läcker,delicious
tröja,sweater
herrejävlar,Holy shit
kontrollerar,controls
mänskligheten,humanity
viset,wise
harvey,harvey
lou,lou
jonathan,jonathan
tips,tips
jisses,gosh
pröva,try
förlåtelse,forgiveness
lidande,suffering
mm,mm
sömn,sleep
hat,has
hollywood,hollywood
flaskan,the bottle
stolta,proud
garaget,the garage
lana,work
skatt,tax
offren,the victims
älskare,lover
lincoln,lincoln
lojalitet,loyalty
tungt,heavy
dokument,document
rykten,rumours
sök,blame
kvart,quarter
brudar,brides
boston,boston
värst,worst
rymde,escaped
stormen,the storm
suga,sugar
naturligt,naturally
toa,hero
travis,travis
apa,what
as,as
kontakten,the contact
gänget,the gang
sovrum,bedroom
skilja,understand
koppling,coupling
nye,new
material,material
studera,study
jude,jude
byt,a flat
tidning,newspaper
tvivel,doubt
lokala,local
domstolen,the court
kortet,the map
lätta,lighten up
audrey,audrey
hjärtan,hearts
egendom,property
ägaren,the owner
sheldon,sheldon
förhoppningsvis,hopefully
utbyte,exchange
spegeln,the mirror
elena,elena
vakta,watch over
penna,penna
säsong,season
fotot,photos
jeremy,jeremy
avslutar,finishes
handlingar,actions
jordan,jordan
förändrar,changes
gris,gray
norr,north
sommar,summer
medel,average
kysste,kissed
fördel,advantage
oroliga,worried
grabbarna,the boys
trädgården,the garden
skyddade,protected
juli,July
arga,angry
spöken,ghosts
karta,can
green,green
mcgee,mcgee
korrekt,correct
sovrummet,the bedroom
stol,table
besvär,trouble
brad,brad
vakten,the guard
italien,Italy
service,service
bråkar,fighting
själar,souls
usel,lousy
juni,June
inbjudan,invitation
dennis,dennis
lewis,lewis
korridoren,the corridor
besökte,visited
rider,rider
olja,oil
seth,seth
fattat,understood
lastbilen,the truck
beställa,order
slänga,throw
halvt,half
stannat,stayed
överenskommelse,agreement
tittat,watched
drömt,dreamed
f,f
blåser,blowing
olivia,olivia
fattiga,poor
söderut,to the south
check,check
norman,norman
drake,drake
rensa,clear
michelle,michelle
skadat,damaged
stiger,increases
snack,snack
djup,depth
kristus,Christ
stunden,hours
enkla,simple
påverka,affect
modern,modern
mac,mac
kakor,like
skådespelare,actor
maj,maj
tillbringa,spend
smarta,smart
olyckan,the accident
tränar,exercising
road,road
anthony,anthony
kvitt,Quit
barbara,barbara
art,art
kollegor,colleagues
neil,neil
ljugit,lied
kostade,cost
mason,mason
stjärnorna,the stars
möts,meet
betydelse,meaning
dragit,drawn
fran,fran
anta,anta
tung,toss
godmorgon,good morning
julen,Christmas
grann,neighbor
right,right
skiljer,differs
tillhörde,belonged to
attjag,that I
vince,vince
vansinne,madness
tron,tron
delade,shared
användas,be used
gränser,borders
salt,salt
hals,neck
video,video
halvår,six months
resultatet,the result
korkad,stupid
storm,storm
rörelse,movement
humor,humor
skrattade,laughed
träning,exercise
banan,banana
närvarande,present
v,in
bekymmer,concern
kanon,kanon
förbannat,cursed
snett,crooked
williams,williams
martha,martha
grannar,neighbors
modell,model
rättegången,the trial
ansikten,faces
knipa,fix
skoj,fun
gråt,cried
mådde,felt
biljett,ticket
samarbetar,cooperates
jättekul,great fun
teddy,teddy
möjligheten,the opportunity
bensin,gas
drömmen,the dream
tant,so much
slöseri,waste
förblir,remains
joseph,joseph
härinne,in here
at,at
arsle,ass
skugga,shadow
likadana,the same
begick,committed
svärdet,the sword
väckte,woke up
advokater,lawyers
landa,countryside
press,press
fåglar,birds
fingrarna,the fingers
fången,captive
förlorare,loser
catherine,catherine
intervju,interview
anmäla,Report
dussin,dozen
alibi,alibi
raymond,raymond
brottsplatsen,the crime scene
folks,folks
beslutet,the decision
testar,test
virginia,virginia
judar,Jews
behandling,treatment
uppskatta,appreciate
synder,sinner
enorma,enormous
fattade,understood
återvände,returned
hoppet,jumped
släng,throw away
amerikan,American
okänd,unknown
stolthet,pride
bluff,bluff
dras,is drawn
logan,logan
bröstet,the chest
miste,loose
utför,perform
stirrar,stare
l.a.,the.
beskriva,describe
förhandla,negotiate
stängd,closed
knullade,fucked
dylan,dylan
patienten,patients
begravningen,the funeral
tisdag,Tuesday
länder,countries
jävlarna,the bastards
bada,if
stötte,bumped
somna,fall asleep
malcolm,malcolm
utrymme,space
överlämna,submit
sikta,aim
julian,julian
to,to
upprepar,repeats
beväpnad,armed
djuren,the animals
övertala,persuade
dörrar,doors
sverige,Sweden
fartyg,Ship
svaga,weak
förlust,loss
glasögon,glasses
affärerna,the shops
strider,strider
snubbe,dude
slottet,the castle
inblandade,involved
gabriel,gabriel
begrava,bury
skjorta,shirt
hmm,hmm
avdelning,section
årets,of the year
vd,CEO
vinnare,winner
rest,rest
mitch,mitch
russell,russell
möten,meetings
polarn,the pole
orättvist,unfairly
tvekan,hesitation
alexander,alexander
göm,hide
förväntade,expected
kamrat,companion
avundsjuk,jealous
vintern,the winter
såra,hurt
skrivbord,desk
blåsa,blow
puss,puss
blick,view
intresserade,interested
goddag,good day
sparkade,kicked
skojade,joked
hill,hill
sänk,lower
dödas,be killed
connor,connor
följande,following
översten,the colonel
hamnen,the port
hästarna,the horses
bytt,changed
satsar,bets
holly,holly
vanligtvis,usually
begå,commit
skett,happened
armarna,the arms
förgöra,Destroy
civila,civilian
jordens,of the earth
risker,risks
tekniskt,technically
samlas,gather
tänd,lit
stefan,stefan
demon,demon
orsaka,cause
vänstra,left
diana,diana
barnvakt,baby-sitter
stenen,stones
skämmas,be ashamed
skylla,blame
väst,west
styrelsen,the board
kameror,cameras
antog,assumed
bibeln,the bible
attackerade,attacked
enormt,enormously
förbjudet,prohibited
körkort,driving license
reaktion,reaction
princip,principle
tvingas,forced
smartare,smarter
vampyr,vampire
personlig,personal
slaget,the battle
cameron,cameron
fruktar,fear
medlemmar,members
christian,christian
förbli,remain
tjänade,served
lillebror,little brother
universitetet,the university
kusten,the coast
plånbok,wallet
afton,afton
varelser,creatures
olycklig,unhappy
nolla,zero
sort,sort
river,river
gryningen,the dawn
sökt,searched
francis,francis
utnyttjar,exploits
tiger,tiger
knappen,the button
brittiska,British
elaka,evil
super,super
sebastian,sebastian
kissa,cat
huvudvärk,headache
sonen,the son
främlingar,strangers
orsakar,causes
njuter,enjoying
ämne,subject
skedde,happened
mask,mask
farsa,farce
biblioteket,the library
vagnen,the cart
proffs,pro
las,the
sjöng,sang
generalen,the general
monica,monica
kaffet,the coffee
kent,kent
öh,uh
lager,lager
ty,ty
slump,slump
rulla,roll
poolen,the pool
avstängd,switched off
övertygad,convinced
lyda,obey
dick,dick
sliter,struggling
sköts,was shot
phoebe,phoebe
sparkar,kicks
moder,mother
lastbil,truck
francisco,francisco
dröjer,lingers
tak,so
caroline,caroline
rejält,seriously
penis,penis
överlevande,survivor
tina,from
gällde,applied
militär,military
resurser,resources
längesen,a long time ago
förbannelse,curse
mött,met
spanien,Spain
oerhört,incredibly
väcker,wakes up
satans,damn
befäl,command
grand,grand
öva,practice
juryn,the jury
butiken,the store
slösar,wastes
ägde,owned
lyssnat,listened
nyheten,the news
vampyrer,vampires
ronnie,ronnie
läppar,lips
räknade,counted
tillåtelse,permission
oktober,October
sänka,lower
kenny,kenny
boll,boll
chock,chock
representerar,represents
version,version
tara,tara
varnar,defence
sårade,wounded
skötte,handled
ungdomar,young people
byggnad,building
fascinerande,fascinating
indien,if
beundrar,admire
prat,prat
förmögenhet,fortune
mata,women
snygging,hottie
hjältar,heroes
slav,slav
politiska,political
falskt,false
fältet,the field
uniform,uniform
ammunition,ammunition
quinn,quinn
fiskar,fishes
drinkar,drinks
sprider,spreads
begått,committed
ann,ann
lektion,lesson
samband,connection
fs,fs
isen,the ice
striden,the battle
beställde,ordered
förtjusande,adorable
återgå,revert
mönster,pattern
oro,air
smutsiga,dirty
träden,the trees
mörker,darkness
bet,but
politiker,Politician
tävlingen,the competition
uppleva,experience
stiga,stairs
tjänster,services
gus,gus
låser,locks
dexter,dexter
namnen,the names
säkerheten,the security
cm,cm
gottgöra,make amends
damerna,the ladies
muren,walls
justin,justin
imorse,this morning
soppa,soup
elever,students
förbereder,preparing
ian,ian
varma,varma
slagsmål,fight
drömma,dream
öronen,the ears
trevliga,pleasant
tuttar,tits
advokaten,the lawyer
konto,account
bevara,preserve
b.,b.
story,story
projektet,the project
murphy,murphy
ali,or
vittnesmål,testimony
säkrare,safer
borgen,the castle
allierade,allies
tunneln,the tunnel
födelsedagen,the birthday
nat,nat
äh,uh
slutligen,finally
ogillar,dislike
såklart,of course
dödens,of death
axel,axel
sekreterare,Secretary
officer,officer
finn,finn
räknat,counted
mickey,mickey
besättningen,the crew
besökare,visitors
spendera,spend
stjärnor,stars
natur,nature
et,And
kön,sex
gillat,liked
dana,days
gosse,gosse
korta,short
shaw,shaw
one,one
margaret,margaret
station,station
blicken,look
rövhål,asshole
hamnat,ended up
attacken,the attack
spåren,the tracks
önskade,desired
lediga,available
moskva,Moscow
it,it
rapporter,reports
bröderna,the brothers
tysk,German
jean,jean
prinsessa,princess
start,start
upprepa,repeat
intill,next to
garderoben,the wardrobe
rollen,roll
schysst,nice
livets,of life
me,me
ondska,evil
märka,notice
osäker,uncertain
utifrån,from
matchar,matches
vana,old
cykel,bike
demoner,demons
enheter,units
piper,piper
hatten,had
geväret,the rifle
mannar,mannar
jersey,jersey
lekte,played
pekar,points
konstnär,artist
källan,the source
tillåta,allow
flykt,escape
ignorera,ignore
fegis,coward
dale,dale
skilsmässa,divorce
journalist,journalist
manny,manny
passera,will pass
fadern,the father
täckmantel,cover
verktyg,tool
riley,riley
paketet,the package
rört,touched
jättefin,great
betyg,Grade
läkarna,the doctors
sprida,spread
ralph,ralph
avbryta,cancel
provet,the sample
annans,another's
brorsan,the brother
klaga,complain
hurra,hurray
ricky,ricky
typer,types
landets,of the country
tvingades,was forced
öra,ear
beväpnade,armed
placera,place
byte,byte
städer,cities
singel,single
drev,drove
sjung,sing
falsk,False
jadå,yes
gullig,cute
nelson,nelson
heder,honor
ana,he
tavlan,the painting
samling,collection
omständigheter,circumstances
plockar,picks
undersöker,investigating
landar,lands
lyfter,lifts
detaljerna,the details
boss,boss
tända,light
låste,locked
minsann,indeed
swedish,swedish
värda,worth
sol,sun
avgör,decides
kronor,crowns
vårat,ours
sandy,sandy
väck,gone
djupare,deeper
välsigne,bless
dotters,daughter's
sno,sno
inatt,tonight
regn,rain
owen,owen
bryggan,the bridge
siffror,numbers
andel,share
slänger,throwing
chanser,chances
avsikt,intention
mia,my
missförstånd,misunderstanding
paret,the couple
my,my
craig,craig
pastorn,the pastor
stugan,the cottage
sjunker,sinks
livstid,lifetime
kallades,was called
von,from
skickades,was sent
förstörd,destroyed
pressa,press
därborta,over there
röstar,votes
svaghet,weakness
hajar,hajar
någons,someone's
försäkra,ensure
ordnade,arranged
gångs,once
louise,louise
stulen,stolen
kropparna,the bodies
lånade,borrowed
ständigt,constantly
nuförtiden,these days
öppnas,is opened
samlade,collected
släppt,released
blyg,shy
riktning,direction
tungan,the tongue
wendy,wendy
dygn,day
hundarna,the dogs
guvernören,the governor
warren,warren
rådet,the Council
nätter,nights
verksamhet,Operation
varelse,creature
helikopter,helicopter
labb,LAB
huvuden,heads
feber,fever
tjock,thick
medvetslös,unconscious
mördat,murdered
utnyttjade,exploited
belöning,reward
ruth,ruth
dejtar,dating
jakten,the hunt
november,november
soldaterna,the soldiers
kontraktet,the contract
skakar,shaking
virus,virus
gloria,gloria
tårar,tears
fickan,the pocket
verklighet,reality
tidpunkt,time
låtsades,pretended
våning,floor
barney,barney
tidningarna,the newspapers
kapitel,chapter
billigt,cheap
paige,paige
lydia,lydia
törstig,thirsty
slavar,slaves
svor,swore
härnäst,next
mitchell,mitchell
lois,lois
lugnande,calming
återstår,remains
puls,pulse
tillit,consideration
irriterande,annoying
däruppe,up there
isär,apart
masken,masks
cigaretter,cigarettes
tårta,cake
kristen,kristen
allen,allen
irak,Iraq
k,k
utsidan,the outside
tidig,early
hett,hot
terapi,therapy
brors,brother's
meningslöst,pointless
spöa,rod
militären,the military
gård,courtyard
väggarna,the walls
hemligheten,the secret
matthew,matthew
little,little
täck,cover
ditåt,there
medicinen,the medicine
hålls,held
äktenskapet,the marriage
romantiskt,romantic
brand,brand
sparar,saves
instruktioner,instructions
skärp,belt
händelser,events
brottsling,criminal
posten,the mail
kanin,rice
boy,boy
arv,number
färgen,the color
trupper,troops
ledtrådar,clues
goa,goa
sammy,sammy
frivilligt,voluntarily
upptäcka,discover
kinesiska,Chinese
fångarna,the prisoners
vice,vice
curtis,curtis
nåja,Oh well
måltid,meal
branden,the fire
fasen,the phase
dömd,convicted
vild,wild
ford,ford
dömer,judges
hungriga,hungry
brinna,burn
vackraste,most beautiful
pastor,pastor
påse,pouch
kanada,you have
budskap,message
nätterna,the nights
hunnit,have time
ramlade,fell
timmen,the hour
boka,the book
tränare,coach
bråkade,fought
rumpa,ass
chase,chase
runda,round
löjlig,ridiculous
bilarna,the cars
enastående,outstanding
skithög,skithög
skickas,sent
cigarett,cigarette
noah,noah
överraskad,surprised
hävdar,claims
tröst,comfort
prästen,the priest
tydlig,clear
datorer,computers
pissa,Pee
löften,promises
fordon,vehicle
pension,pension
tråkig,boring
on,on
ärende,matter
ropar,call out
vittnet,the witness
intressanta,interesting
jasså,yes
graven,graven
mick,mick
djungeln,the jungle
återkommer,will return
gräver,digging
vettigt,makes sense
sikte,aim
rep,rep
skratt,laugh
samt,and
vinst,profit
kampen,the match
harris,harris
leverera,deliver
victoria,victoria
augusti,August
täcka,cover
antalet,the number
heroin,heroin
döttrar,daughters
arresterad,arrested
bota,throw away
ljug,lie
snö,snow
shane,shane
wyatt,wyatt
kurt,kurt
uppåt,up
verket,the work
hjärtattack,heart attack
ropa,clothes
väger,weighs
daisy,daisy
sortens,sort of
vänja,get used to
vetenskap,science
akt,akt
p,p
städar,cleaning
ledaren,the leader
förvandlas,transform
caesar,caesar
positivt,positive
guldet,the gold
monroe,monroe
råder,prevails
centrum,center
dejta,data
nakna,naked
ersätta,replace
korv,sausage
klienter,clients
utväg,way out
slampa,slut
trycket,the pressure
j,j
sexuellt,sexually
amerikanerna,the americans
bakgrund,background
informera,inform
avslöjade,revealed
jonas,jonas
trädgård,garden
keith,keith
befälet,the commander
terrorister,terrorists
likadan,similar
yrke,profession
numera,number
leslie,leslie
avdelningen,the department
fastnat,stuck
överge,abandon
stenar,stones
gyllene,golden
öppnat,opened
främst,mainly
graham,graham
benjamin,benjamin
somnade,fell asleep
skita,Shit
applåd,applause
hotel,hotel
frus,frus
fingret,the finger
snutar,cops
fyllde,filled
frågorna,the questions
kosta,cost
richie,richie
därefter,then
förhållanden,conditions
heather,heather
kanal,channel
otto,otto
består,pass
riddare,knight
själen,the soul
lösningen,solution
anställd,employee
x,x
crane,crane
stuckit,stung
koma,come
blue,blue
råna,rob
orsakat,caused
ellie,ellie
envis,stubborn
ägare,owner
dumpade,dumped
kysser,kissing
dubbla,double
offentligt,in public
greps,was arrested
datum,datum
lake,lake
topp,top
gula,sugar
språket,the language
lance,lance
berömda,famous
händelse,event
kreditkort,credit card
firman,word
avslutat,finished
uttalande,statement
rymt,room
finaste,finest
varg,STRING
brooklyn,brooklyn
saga,saga
undantag,exception
stanley,stanley
lnget,lnget
militära,military
sexuella,sexual
go,go
efternamn,surname
dugg,dew
ledningen,management
skalle,skull
sport,sport
råtta,Rat
regnet,the rain
våldsam,violent
fysiskt,physically
respektera,respect
rapporterar,reports
himmel,heaven
allmänheten,the public
telefonnummer,phone number
orm,orm
såret,hurt
monstret,the monster
lunchen,the lunch
ctu,ctu
funnit,found
försvunna,disappeared
kvinnliga,female
hector,hector
bägge,both
girl,girl
trötta,weary
elev,student
seattle,seattle
kopplar,connects
pilot,pilot
samhälle,Society
häromdagen,the other day
sug,water
tillfälligt,temporarily
passande,suitable
åsikter,opinions
döds,of death
vänligt,kindly
ärr,scar
dusch,shower
råttor,rats
fabriken,the factory
paj,pages
östra,east
vanessa,vanessa
oväntat,unexpectedly
wallace,wallace
planera,plan
recept,prescription
samarbete,cooperation
passion,passion
no,no
kallad,called
berömd,famous
kommande,coming
lystring,lystring
yttre,outer
lån,loan
intryck,impression
begår,commits
onsdag,Wednesday
otroliga,incredible
kapabel,capable
böckerna,the books
erkände,admitted
varsågoda,here you go
hacka,hack
philip,philip
inflytande,influence
marco,marco
nonsens,nonsense
walt,walt
lägre,lower
nuvarande,current
hyran,the rent
tävling,contest
besöker,visiting
tornet,the tower
krossar,crushes
fartyget,the ship
kursen,the course
sången,the song
framtida,future
hal,matter
bomber,bomber
filmar,film
glor,stare
jämfört,compared
janet,janet
kris,kris
skicklig,skilled
tidningar,newspapers
logiskt,logically
bas,down
bekräftar,confirms
hunter,hunter
klagar,complains
klaus,klaus
söder,South
brist,lack
barns,barns
straffa,punish
grejerna,the stuff
nora,nora
paranoid,paranoid
mynt,coin
sända,send
värmen,the heat
intelligent,intelligent
central,central
kulorna,the balls
lojal,loyal
mäktig,powerful
förneka,deny
ordern,the order
säkerhets,security
lukta,smell
carla,carla
fisken,the fish
festa,party
cody,cody
privatliv,privacy
anklagar,accuse
katter,cats
skälet,the reason
mardrömmar,nightmares
användes,was used
populär,Popular
månaderna,the months
blommorna,the flowers
upplevt,experienced
rullar,rolls
spårade,tracked
siffrorna,the numbers
kungens,the king's
avenue,avenue
explosionen,the explosion
uttråkad,bored
tävla,compete
tuffa,tough
merlin,merlin
helikoptern,the helicopter
upptagna,busy
ken,ken
sabba,sabbath
vodka,vodka
möjligen,possibly
kara,cane
glaset,the glass
västerut,west
nicky,nicky
publik,public
nykter,sober
mattan,the carpet
sexigt,sexy
denne,this
party,party
fruktan,fear
gentleman,gentleman
ga,ga
parti,party
zach,zach
times,times
överlevt,survived
lampan,the lamp
zack,zack
dubbel,double
frukt,fruit
lena,with
kejsaren,the emperor
pierce,pierce
collins,collins
santa,santa
hursomhelst,Anyway
sonny,sonny
kallat,called
coach,coach
pablo,pablo
ras,ras
december,december
senatorn,the senator
griper,grabs
ställning,position
återigen,again
träffad,hit
dagbok,diary
baker,baker
beach,beach
club,club
tjänsten,the service
avgörande,crucial
tracy,tracy
skurk,villain
smäll,bang
reklam,advertising
bjudit,invited
undviker,avoids
sy,and
liket,looks like
talet,the number
knäcka,crack
mejl,email
fester,fester
sociala,social
låtar,songs
steget,increased
troligt,likely
utomjordingar,aliens
alec,alec
sorgen,care for
plockade,picked
förtjust,delighted
duschen,have a shower
kontaktar,contacts
grep,grip
evan,evan
överraska,surprise
upphör,ceases
lagligt,legally
skjortan,the shirt
toby,toby
upptäcker,discovers
stöter,bumps
utmaning,challenge
rådgivare,advisor
vrede,peace
främsta,foremost
prinsen,the prince
skulder,liabilities
rike,handle
lane,lane
spänd,tense
bekvämt,comfortable
dansen,dancing
brann,fire
förändringar,changes
konstapeln,the constable
tvättar,washes
troy,troy
beslutat,decided
locka,attract
handling,handling
knäppa,snap
um,one
anropar,calling
väder,weather
nicole,nicole
lapp,lapp
livrädd,terrified
österut,east
rar,rar
vågade,dared
grannarna,the neighbors
grinden,the gate
slet,Delete
chockad,shocked
utseende,appearance
värme,heat
veronica,veronica
plugga,plug
nöjda,satisfied
generation,generation
bränsle,fuel
jax,jax
förlorad,lost
hållas,be held
johan,John
total,total
tess,tess
porr,porn
smyga,sneak
blake,blake
mäktiga,powerful
fruar,wives
gubbe,old man
religion,religion
mått,measure
elaine,Elaine
utomlands,abroad
vingar,wings
uttrycka,express
spårar,tracks
ryktet,the rumor
processen,the process
ändras,is changed
profil,profile
leken,playful
varor,goods
queen,queen
fästmö,fiancee
häftig,blustery
spy,spy
maken,to make
bonnie,bonnie
wells,wells
leon,leon
sömnen,the sleep
watson,watson
jill,jill
rob,rob
branschen,the industry
roligare,more fun
kliva,step
fallit,fallen
insisterar,insists
passerar,passes
ruttna,addle
afghanistan,afghanistan
behandlade,treated
vagn,carriage
miljontals,millions
skyll,rinse
mästaren,the master
unik,unique
praktiskt,practically
schack,chess
seså,See you
stuga,cottage
mister,mister
vänligen,Please
duncan,duncan
robot,robot
strida,fight
dottern,the daughter
styrkan,the strength
anlitade,hired
oddsen,the odds
stone,stone
bekämpa,combat
dansade,danced
nöjet,the pleasure
horor,horror
holmes,holmes
plåga,torment
sand,sand
skatten,the treasure
status,status
telefonsamtal,phone calls
batman,batman
reagerar,react
lejon,GRANTS
dyra,expensive
stadens,of the city
täckt,covered
anländer,arrives
halloween,halloween
undersökning,investigation
berättelsen,the story
ashley,ashley
fört,brought
övergav,abandoned
dumpa,dump
övervåningen,upstairs
dödlig,lethal
australien,Australia
vera,being
utreder,investigating
motsatsen,the opposite
diego,diego
duke,duke
världskriget,world war
fas,fas
friheten,the freedom
stånd,stand
mikey,mikey
guy,guy
slagen,to succeed
gräset,the grass
botemedel,cure
uppfann,invented
kg,kg
beställt,ordered
andan,from the moment
kultur,culture
douglas,douglas
gjordes,was done
lokal,local
provar,to test
damon,damon
befälhavare,commander
benny,benny
hanterar,handles
babyn,the baby
dyr,animals
ström,Current
bekräftat,confirmed
grå,grey
tröjan,the shirt
gasen,the gas
vietnam,vietnam
arrestera,arrest
manus,manus
utsökt,delicious
nja,Well
nämner,mentions
juice,juice
jägare,hunter
räckte,handed
människans,man's
larmet,the alarm
halt,halt
fyllt,filled
kaka,autumn
liam,liam
organisation,organisation
terrorist,terrorist
axeln,the shoulder
metoder,methods
återvänt,returned
snackade,talked
svika,disappoint
anderson,anderson
sid,sid
usch,Yuk
förväg,in advance
lila,lila
förnekar,denies
gina,gina
bokat,booked
fästman,fiancé
nämnt,mentioned
personalen,the staff
baserat,based
fa,but
fält,field
hemmet,the home
heja,hey
stulna,stolen
japanska,Japanese
kennedy,kennedy
begäran,request
spåret,the track
kors,kors
varar,lasts
repet,repeat
natalie,natalie
testet,tested
tönt,sounds
prover,samples
motståndare,opponents
binda,bind
passade,fit
äga,own
fastnade,got stuck
teal,teal
löste,solved
jättefint,very nice
gas,gas
harper,harper
joy,joy
gudar,gods
gästerna,the guests
gjorda,made
east,east
avbryt,cancel
joan,joan
artikeln,the article
passagerare,passenger
sabbade,sabbade
hälsade,greeted
turner,turner
försvarar,defends
ämnet,the subject
knäppt,crazy
ursäkter,excuses
flygande,flying
manhattan,manhattan
troligtvis,belike
efterlyst,wanted
landade,landed
sjätte,sixth
erkänn,admit
förklarade,explained
grävde,dug
höjd,height
willie,willie
utav,out of
meg,yes
tester,tester
byrån,the bureau
stress,stress
tillbringade,spent
meddelar,announces
arnold,arnold
vänliga,friendly
bell,bell
utpressning,extortion
allvarliga,serious
magnus,magnus
theo,according to
användning,use
omgång,round
fattig,poor
flytande,liquid
kuken,the cock
gullet,the gold
fångat,caught
jackan,the jacket
felix,felix
teater,theater
stans,stans
kungliga,royal
försvaret,the defense
färdas,travel
grunden,the foundation
brorson,nephew
whoa,whoa
christine,christine
rånade,robbed
mexico,mexico
skaffade,acquired
körd,driven
kvällens,of the evening
djupa,deep
county,county
änglar,angels
partners,partners
tjänat,earned
caleb,caleb
larm,alarm
detektiv,detective
avbryter,interrupts
skift,shift
burke,burke
lockar,attracts
utkik,lookout
leksaker,toys
korkade,dumb
luta,fight
diskret,discreet
reta,letter
bin,bin
lugnar,calms down
samantha,samantha
riva,riva
ropade,shouted
pat,the same
tragedi,tragedy
omständigheterna,circumstances
bebisen,the baby
hav,hav
feg,feg
källor,sources
missfoster,missfoster
arbetare,worker
leve,light
äldsta,oldest
kämpat,struggled
huden,the skin
föreslog,suggested
brottslingar,criminals
live,live
vardagsrummet,the living room
smälta,melt
butik,Store
ambulansen,the ambulance
presenter,presenter
lawrence,lawrence
uppnå,achieve
höja,raise
lat,years
hedra,honor
kidnappade,kidnapped
patty,patty
slapp,relaxed
gul,gul
släktingar,relatives
hallen,the hall
nämen,Gosh
freddy,freddy
golf,golf
nr,No.
rimligt,fair
frukta,fear
veckorna,the weeks
skjutsa,give a ride
nikki,nikki
kamerorna,the cameras
chandler,chandler
stjärnan,the star
roa,long
ondskan,the evil
thompson,thompson
döv,deaf
tankarna,the thoughts
klassen,the class
franklin,franklin
bön,prayer
karaktär,character
mördar,murderers
north,north
setts,setts
organ,organ
skärmen,screen
group,group
bla,no
utsikt,view
flit,flit
klev,stepped
släck,turn off
loppet,the race
ärliga,honest
amiral,admiral
vaktar,guards
bailey,bailey
värdelösa,worthless
fattas,is lacking
seriemördare,serial killer
explosion,explosion
vision,vision
invånare,inhabitant
kock,kock
serie,series
klandra,blame
radera,delete
stålar,steals
anfaller,attacks
lyser,lights up
coola,cool
intervjun,the interview
skåp,cabinet
brody,brody
åtal,prosecution
stake,stake
förvånar,surprises
korten,the cards
fågeln,the bird
pam,pam
slott,Castle
knapp,meager
gåvor,gifts
förmodar,presume
klandrar,blames
varelsen,the creature
odjuret,the beast
teknologi,technology
flytt,move
trollkarl,wizard
eran,were
biter,bites
lev,lev
inspektören,the inspector
okända,unknown
harrison,harrison
våren,the spring
högg,hit
näst,second
insats,stake
morsan,the mother
härmed,hereby
osynlig,invisible
antyder,implies
bingo,bingo
sände,sent
befann,found
dumheter,Nonsense
studerar,studying
diane,diane
madam,madam
foster,foster
perry,perry
south,south
förtjänat,deserved
attackera,attack
billig,cheap
uppror,rebellion
personlighet,personality
skyller,blame
svettas,sweat
tom.,tom.
attityd,attitude
svikit,disappointed
grupper,groups
hoppats,hoped
bokstavligen,literally
rosie,rosie
sherlock,sherlock
värdefull,valuable
balen,to compress
exploderar,explodes
övning,exercise
hyr,rent
blomma,flower
lagade,cooked
anders,otherwise
gwen,gwen
morris,morris
donald,donald
kontaktade,contacted
world,world
guvernör,governor
duscha,shower
dricks,tip
vinet,the wine
f.d.,f.d.
småningom,gradually
studenter,students
skaffat,acquired
växt,Plant
houston,houston
bilolycka,car accident
italienska,Italian
deprimerad,depressed
örat,the ear
fett,fat
allergisk,allergic
fox,fox
föds,is born
fiska,fish
effekt,effect
kongressen,the congress
chaufför,driver
eli,or
ivan,ivan
knacka,tap
blåste,blew
peka,branch
bruten,broken
januari,January
hugga,chop
märklig,strange
rodney,rodney
riket,the kingdom
försäkrar,assures
rejäl,substantial
evans,evans
sugen,hungry
friska,healthy
särskild,special
detalj,detail
förhöra,catechize
minus,minus
bond,bond
rinner,flows
lloyd,lloyd
tatuering,tattoo
kriminella,criminals
a.,a.
mänskligt,humanly
oftare,more often
förföljer,pursues
kommunicera,communicate
fans,fans
motorvägen,the highway
deal,deal
angel,angel
packar,packs